,seed,P_det,Paccept,param,type
1,1,1,0.96,60,-4
2,2,1,0.97,60,-4
3,3,1,0.99,60,-4
4,4,1,1,60,-4
5,5,1,0.99,60,-4
6,6,1,1,60,-4
7,7,1,0.98,60,-4
8,8,1,0.98,60,-4
9,9,1,0.99,60,-4
10,10,1,0.97,60,-4
11,11,1,0.97,60,-4
12,12,1,0.99,60,-4
13,13,1,0.99,60,-4
14,14,1,0.98,60,-4
15,15,1,0.99,60,-4
16,16,1,0.99,60,-4
17,17,1,0.99,60,-4
18,18,1,0.98,60,-4
19,19,1,0.97,60,-4
20,20,1,1,60,-4
21,21,1,0.98,60,-4
22,22,1,0.98,60,-4
23,23,1,1,60,-4
24,24,1,0.98,60,-4
25,25,1,1,60,-4
26,26,1,0.99,60,-4
27,27,1,0.98,60,-4
28,28,1,0.99,60,-4
29,29,1,0.98,60,-4
30,30,1,0.97,60,-4
31,31,1,0.97,60,-4
32,32,1,0.96,60,-4
33,33,1,0.98,60,-4
34,34,1,1,60,-4
35,35,1,1,60,-4
36,36,1,0.96,60,-4
37,37,1,0.98,60,-4
38,38,1,1,60,-4
39,39,1,1,60,-4
40,40,1,0.99,60,-4
41,41,1,0.96,60,-4
42,42,1,0.99,60,-4
43,43,1,0.99,60,-4
44,44,1,0.99,60,-4
45,45,1,0.99,60,-4
46,46,1,0.98,60,-4
47,47,1,0.98,60,-4
48,48,1,0.98,60,-4
49,49,1,0.98,60,-4
50,50,1,0.99,60,-4
51,51,1,0.98,60,-4
52,52,1,0.98,60,-4
53,53,1,0.97,60,-4
54,54,1,0.99,60,-4
55,55,1,0.94,60,-4
56,56,1,0.96,60,-4
57,57,1,0.99,60,-4
58,58,1,0.97,60,-4
59,59,1,1,60,-4
60,60,1,0.97,60,-4
61,61,1,0.98,60,-4
62,62,1,0.96,60,-4
63,63,1,0.97,60,-4
64,64,1,0.99,60,-4
65,65,1,0.96,60,-4
66,66,1,1,60,-4
67,67,1,0.96,60,-4
68,68,1,0.97,60,-4
69,69,1,0.97,60,-4
70,70,1,0.99,60,-4
71,71,1,0.99,60,-4
72,72,1,0.94,60,-4
73,73,1,0.99,60,-4
74,74,1,0.97,60,-4
75,75,1,0.99,60,-4
76,76,1,0.99,60,-4
77,77,1,0.98,60,-4
78,78,1,0.98,60,-4
79,79,1,0.98,60,-4
80,80,1,0.98,60,-4
81,81,1,0.99,60,-4
82,82,1,0.97,60,-4
83,83,1,0.98,60,-4
84,84,1,0.98,60,-4
85,85,1,0.98,60,-4
86,86,1,0.99,60,-4
87,87,1,0.96,60,-4
88,88,1,0.98,60,-4
89,89,1,0.99,60,-4
90,90,1,0.98,60,-4
91,91,1,0.98,60,-4
92,92,1,0.98,60,-4
93,93,1,0.99,60,-4
94,94,1,0.98,60,-4
95,95,1,0.96,60,-4
96,96,1,0.99,60,-4
97,97,1,0.98,60,-4
98,98,1,0.97,60,-4
99,99,1,0.97,60,-4
100,100,1,0.98,60,-4
101,1,1,0.97,120,-4
102,2,1,0.94,120,-4
103,3,1,0.98,120,-4
104,4,1,0.98,120,-4
105,5,1,0.97,120,-4
106,6,1,1,120,-4
107,7,1,0.97,120,-4
108,8,1,0.96,120,-4
109,9,1,0.95,120,-4
110,10,1,0.96,120,-4
111,11,1,0.98,120,-4
112,12,1,0.97,120,-4
113,13,1,0.95,120,-4
114,14,1,0.97,120,-4
115,15,1,0.98,120,-4
116,16,1,0.95,120,-4
117,17,1,0.96,120,-4
118,18,1,0.95,120,-4
119,19,1,0.96,120,-4
120,20,1,0.95,120,-4
121,21,1,0.97,120,-4
122,22,1,0.95,120,-4
123,23,1,0.96,120,-4
124,24,1,0.95,120,-4
125,25,1,0.96,120,-4
126,26,1,0.97,120,-4
127,27,1,0.95,120,-4
128,28,1,0.95,120,-4
129,29,1,0.97,120,-4
130,30,1,0.94,120,-4
131,31,1,0.97,120,-4
132,32,1,0.98,120,-4
133,33,1,0.95,120,-4
134,34,1,0.95,120,-4
135,35,1,0.95,120,-4
136,36,1,0.95,120,-4
137,37,1,0.97,120,-4
138,38,1,0.96,120,-4
139,39,1,0.99,120,-4
140,40,1,0.98,120,-4
141,41,1,1,120,-4
142,42,1,0.94,120,-4
143,43,1,0.98,120,-4
144,44,1,0.97,120,-4
145,45,1,0.98,120,-4
146,46,1,0.98,120,-4
147,47,1,0.96,120,-4
148,48,1,0.93,120,-4
149,49,1,0.96,120,-4
150,50,1,0.96,120,-4
151,51,1,0.95,120,-4
152,52,1,0.98,120,-4
153,53,1,0.96,120,-4
154,54,1,0.94,120,-4
155,55,1,0.99,120,-4
156,56,1,0.98,120,-4
157,57,1,1,120,-4
158,58,1,0.96,120,-4
159,59,1,0.96,120,-4
160,60,1,0.98,120,-4
161,61,1,0.94,120,-4
162,62,1,0.96,120,-4
163,63,1,0.94,120,-4
164,64,1,0.95,120,-4
165,65,1,0.95,120,-4
166,66,1,0.95,120,-4
167,67,1,0.97,120,-4
168,68,1,0.95,120,-4
169,69,1,0.92,120,-4
170,70,1,0.97,120,-4
171,71,1,0.98,120,-4
172,72,1,0.96,120,-4
173,73,1,0.96,120,-4
174,74,1,0.95,120,-4
175,75,1,0.97,120,-4
176,76,1,0.96,120,-4
177,77,1,0.94,120,-4
178,78,1,0.97,120,-4
179,79,1,0.97,120,-4
180,80,1,0.94,120,-4
181,81,1,0.95,120,-4
182,82,1,0.94,120,-4
183,83,1,0.95,120,-4
184,84,1,0.93,120,-4
185,85,1,0.99,120,-4
186,86,1,0.99,120,-4
187,87,1,0.97,120,-4
188,88,1,0.95,120,-4
189,89,1,0.92,120,-4
190,90,1,0.96,120,-4
191,91,1,0.97,120,-4
192,92,1,0.9,120,-4
193,93,1,0.95,120,-4
194,94,1,0.94,120,-4
195,95,1,0.97,120,-4
196,96,1,0.95,120,-4
197,97,1,0.95,120,-4
198,98,1,0.92,120,-4
199,99,1,0.95,120,-4
200,100,1,0.95,120,-4
201,1,1,0.88,300,-4
202,2,1,0.92,300,-4
203,3,1,0.91,300,-4
204,4,1,0.9,300,-4
205,5,1,0.93,300,-4
206,6,1,0.85,300,-4
207,7,1,0.9,300,-4
208,8,1,0.9,300,-4
209,9,1,0.91,300,-4
210,10,1,0.91,300,-4
211,11,1,0.92,300,-4
212,12,1,0.91,300,-4
213,13,1,0.93,300,-4
214,14,1,0.87,300,-4
215,15,1,0.87,300,-4
216,16,1,0.91,300,-4
217,17,1,0.91,300,-4
218,18,1,0.89,300,-4
219,19,1,0.92,300,-4
220,20,1,0.94,300,-4
221,21,1,0.87,300,-4
222,22,1,0.88,300,-4
223,23,1,0.97,300,-4
224,24,1,0.87,300,-4
225,25,1,0.84,300,-4
226,26,1,0.9,300,-4
227,27,1,0.9,300,-4
228,28,1,0.92,300,-4
229,29,1,0.91,300,-4
230,30,1,0.88,300,-4
231,31,1,0.91,300,-4
232,32,1,0.88,300,-4
233,33,1,0.9,300,-4
234,34,1,0.91,300,-4
235,35,1,0.9,300,-4
236,36,1,0.89,300,-4
237,37,1,0.91,300,-4
238,38,1,0.89,300,-4
239,39,1,0.95,300,-4
240,40,1,0.95,300,-4
241,41,1,0.93,300,-4
242,42,1,0.9,300,-4
243,43,1,0.89,300,-4
244,44,1,0.93,300,-4
245,45,1,0.91,300,-4
246,46,1,0.9,300,-4
247,47,1,0.89,300,-4
248,48,1,0.91,300,-4
249,49,1,0.86,300,-4
250,50,1,0.91,300,-4
251,51,1,0.86,300,-4
252,52,1,0.9,300,-4
253,53,1,0.89,300,-4
254,54,1,0.92,300,-4
255,55,1,0.95,300,-4
256,56,1,0.91,300,-4
257,57,1,0.87,300,-4
258,58,1,0.91,300,-4
259,59,1,0.92,300,-4
260,60,1,0.95,300,-4
261,61,1,0.93,300,-4
262,62,1,0.91,300,-4
263,63,1,0.92,300,-4
264,64,1,0.91,300,-4
265,65,1,0.86,300,-4
266,66,1,0.91,300,-4
267,67,1,0.9,300,-4
268,68,1,0.92,300,-4
269,69,1,0.93,300,-4
270,70,1,0.88,300,-4
271,71,1,0.89,300,-4
272,72,1,0.93,300,-4
273,73,1,0.92,300,-4
274,74,1,0.94,300,-4
275,75,1,0.87,300,-4
276,76,1,0.88,300,-4
277,77,1,0.96,300,-4
278,78,1,0.92,300,-4
279,79,1,0.87,300,-4
280,80,1,0.89,300,-4
281,81,1,0.9,300,-4
282,82,1,0.91,300,-4
283,83,1,0.87,300,-4
284,84,1,0.89,300,-4
285,85,1,0.9,300,-4
286,86,1,0.81,300,-4
287,87,1,0.9,300,-4
288,88,1,0.98,300,-4
289,89,1,0.88,300,-4
290,90,1,0.89,300,-4
291,91,1,0.86,300,-4
292,92,1,0.93,300,-4
293,93,1,0.91,300,-4
294,94,1,0.87,300,-4
295,95,1,0.95,300,-4
296,96,1,0.92,300,-4
297,97,1,0.89,300,-4
298,98,1,0.95,300,-4
299,99,1,0.94,300,-4
300,100,1,0.94,300,-4
301,1,1,0.86,600,-4
302,2,1,0.86,600,-4
303,3,1,0.78,600,-4
304,4,1,0.83,600,-4
305,5,1,0.82,600,-4
306,6,1,0.79,600,-4
307,7,1,0.7,600,-4
308,8,1,0.87,600,-4
309,9,1,0.86,600,-4
310,10,1,0.8,600,-4
311,11,1,0.87,600,-4
312,12,1,0.8,600,-4
313,13,1,0.85,600,-4
314,14,1,0.85,600,-4
315,15,1,0.74,600,-4
316,16,1,0.8,600,-4
317,17,1,0.78,600,-4
318,18,1,0.8,600,-4
319,19,1,0.87,600,-4
320,20,1,0.79,600,-4
321,21,1,0.77,600,-4
322,22,1,0.77,600,-4
323,23,1,0.86,600,-4
324,24,1,0.87,600,-4
325,25,1,0.88,600,-4
326,26,1,0.75,600,-4
327,27,1,0.88,600,-4
328,28,1,0.8,600,-4
329,29,1,0.82,600,-4
330,30,1,0.84,600,-4
331,31,1,0.78,600,-4
332,32,1,0.83,600,-4
333,33,1,0.77,600,-4
334,34,1,0.79,600,-4
335,35,1,0.92,600,-4
336,36,1,0.84,600,-4
337,37,1,0.79,600,-4
338,38,1,0.85,600,-4
339,39,1,0.83,600,-4
340,40,1,0.83,600,-4
341,41,1,0.9,600,-4
342,42,1,0.83,600,-4
343,43,1,0.86,600,-4
344,44,1,0.73,600,-4
345,45,1,0.87,600,-4
346,46,1,0.85,600,-4
347,47,1,0.84,600,-4
348,48,1,0.84,600,-4
349,49,1,0.76,600,-4
350,50,1,0.83,600,-4
351,51,1,0.82,600,-4
352,52,1,0.87,600,-4
353,53,1,0.82,600,-4
354,54,1,0.76,600,-4
355,55,1,0.89,600,-4
356,56,1,0.73,600,-4
357,57,1,0.87,600,-4
358,58,1,0.86,600,-4
359,59,1,0.82,600,-4
360,60,1,0.73,600,-4
361,61,1,0.79,600,-4
362,62,1,0.8,600,-4
363,63,1,0.81,600,-4
364,64,1,0.81,600,-4
365,65,1,0.85,600,-4
366,66,1,0.83,600,-4
367,67,1,0.82,600,-4
368,68,1,0.81,600,-4
369,69,1,0.78,600,-4
370,70,1,0.81,600,-4
371,71,1,0.81,600,-4
372,72,1,0.87,600,-4
373,73,1,0.86,600,-4
374,74,1,0.87,600,-4
375,75,1,0.77,600,-4
376,76,1,0.85,600,-4
377,77,1,0.8,600,-4
378,78,1,0.87,600,-4
379,79,1,0.81,600,-4
380,80,1,0.82,600,-4
381,81,1,0.85,600,-4
382,82,1,0.87,600,-4
383,83,1,0.86,600,-4
384,84,1,0.78,600,-4
385,85,1,0.83,600,-4
386,86,1,0.8,600,-4
387,87,1,0.77,600,-4
388,88,1,0.82,600,-4
389,89,1,0.82,600,-4
390,90,1,0.78,600,-4
391,91,1,0.8,600,-4
392,92,1,0.83,600,-4
393,93,1,0.89,600,-4
394,94,1,0.79,600,-4
395,95,1,0.81,600,-4
396,96,1,0.85,600,-4
397,97,1,0.9,600,-4
398,98,1,0.8,600,-4
399,99,1,0.76,600,-4
400,100,1,0.77,600,-4
401,1,1,0.73,1200,-4
402,2,1,0.69,1200,-4
403,3,1,0.67,1200,-4
404,4,1,0.68,1200,-4
405,5,1,0.66,1200,-4
406,6,1,0.68,1200,-4
407,7,1,0.68,1200,-4
408,8,1,0.65,1200,-4
409,9,1,0.65,1200,-4
410,10,1,0.63,1200,-4
411,11,1,0.77,1200,-4
412,12,1,0.7,1200,-4
413,13,1,0.66,1200,-4
414,14,1,0.73,1200,-4
415,15,1,0.62,1200,-4
416,16,1,0.64,1200,-4
417,17,1,0.66,1200,-4
418,18,1,0.68,1200,-4
419,19,1,0.66,1200,-4
420,20,1,0.6,1200,-4
421,21,1,0.69,1200,-4
422,22,1,0.65,1200,-4
423,23,1,0.62,1200,-4
424,24,1,0.7,1200,-4
425,25,1,0.61,1200,-4
426,26,1,0.65,1200,-4
427,27,1,0.73,1200,-4
428,28,1,0.65,1200,-4
429,29,1,0.65,1200,-4
430,30,1,0.68,1200,-4
431,31,1,0.73,1200,-4
432,32,1,0.67,1200,-4
433,33,1,0.7,1200,-4
434,34,1,0.62,1200,-4
435,35,1,0.71,1200,-4
436,36,1,0.66,1200,-4
437,37,1,0.7,1200,-4
438,38,1,0.71,1200,-4
439,39,1,0.63,1200,-4
440,40,1,0.68,1200,-4
441,41,1,0.73,1200,-4
442,42,1,0.72,1200,-4
443,43,1,0.67,1200,-4
444,44,1,0.61,1200,-4
445,45,1,0.75,1200,-4
446,46,1,0.64,1200,-4
447,47,1,0.68,1200,-4
448,48,1,0.69,1200,-4
449,49,1,0.67,1200,-4
450,50,1,0.68,1200,-4
451,51,1,0.66,1200,-4
452,52,1,0.67,1200,-4
453,53,1,0.66,1200,-4
454,54,1,0.62,1200,-4
455,55,1,0.62,1200,-4
456,56,1,0.68,1200,-4
457,57,1,0.73,1200,-4
458,58,1,0.69,1200,-4
459,59,1,0.77,1200,-4
460,60,1,0.63,1200,-4
461,61,1,0.67,1200,-4
462,62,1,0.65,1200,-4
463,63,1,0.66,1200,-4
464,64,1,0.7,1200,-4
465,65,1,0.64,1200,-4
466,66,1,0.68,1200,-4
467,67,1,0.62,1200,-4
468,68,1,0.71,1200,-4
469,69,1,0.64,1200,-4
470,70,1,0.67,1200,-4
471,71,1,0.72,1200,-4
472,72,1,0.63,1200,-4
473,73,1,0.6,1200,-4
474,74,1,0.55,1200,-4
475,75,1,0.66,1200,-4
476,76,1,0.62,1200,-4
477,77,1,0.67,1200,-4
478,78,1,0.61,1200,-4
479,79,1,0.72,1200,-4
480,80,1,0.65,1200,-4
481,81,1,0.6,1200,-4
482,82,1,0.69,1200,-4
483,83,1,0.65,1200,-4
484,84,1,0.6,1200,-4
485,85,1,0.7,1200,-4
486,86,1,0.74,1200,-4
487,87,1,0.72,1200,-4
488,88,1,0.62,1200,-4
489,89,1,0.73,1200,-4
490,90,1,0.6,1200,-4
491,91,1,0.67,1200,-4
492,92,1,0.53,1200,-4
493,93,1,0.67,1200,-4
494,94,1,0.72,1200,-4
495,95,1,0.7,1200,-4
496,96,1,0.67,1200,-4
497,97,1,0.78,1200,-4
498,98,1,0.68,1200,-4
499,99,1,0.74,1200,-4
500,100,1,0.78,1200,-4
1,1,1,0.81,60,-3
2,2,1,0.87,60,-3
3,3,1,0.79,60,-3
4,4,1,0.88,60,-3
5,5,1,0.86,60,-3
6,6,1,0.79,60,-3
7,7,1,0.87,60,-3
8,8,1,0.89,60,-3
9,9,1,0.83,60,-3
10,10,1,0.82,60,-3
11,11,1,0.83,60,-3
12,12,1,0.85,60,-3
13,13,1,0.86,60,-3
14,14,1,0.76,60,-3
15,15,1,0.86,60,-3
16,16,1,0.81,60,-3
17,17,1,0.84,60,-3
18,18,1,0.91,60,-3
19,19,1,0.85,60,-3
20,20,1,0.81,60,-3
21,21,1,0.89,60,-3
22,22,1,0.82,60,-3
23,23,1,0.78,60,-3
24,24,1,0.82,60,-3
25,25,1,0.84,60,-3
26,26,1,0.81,60,-3
27,27,1,0.82,60,-3
28,28,1,0.83,60,-3
29,29,1,0.85,60,-3
30,30,1,0.83,60,-3
31,31,1,0.82,60,-3
32,32,1,0.85,60,-3
33,33,1,0.89,60,-3
34,34,1,0.84,60,-3
35,35,1,0.8,60,-3
36,36,1,0.88,60,-3
37,37,1,0.85,60,-3
38,38,1,0.86,60,-3
39,39,1,0.77,60,-3
40,40,1,0.86,60,-3
41,41,1,0.84,60,-3
42,42,1,0.83,60,-3
43,43,1,0.87,60,-3
44,44,1,0.88,60,-3
45,45,1,0.8,60,-3
46,46,1,0.82,60,-3
47,47,1,0.84,60,-3
48,48,1,0.91,60,-3
49,49,1,0.88,60,-3
50,50,1,0.84,60,-3
51,51,1,0.8,60,-3
52,52,1,0.85,60,-3
53,53,1,0.88,60,-3
54,54,1,0.78,60,-3
55,55,1,0.78,60,-3
56,56,1,0.9,60,-3
57,57,1,0.84,60,-3
58,58,1,0.88,60,-3
59,59,1,0.8,60,-3
60,60,1,0.77,60,-3
61,61,1,0.83,60,-3
62,62,1,0.79,60,-3
63,63,1,0.87,60,-3
64,64,1,0.82,60,-3
65,65,1,0.84,60,-3
66,66,1,0.87,60,-3
67,67,1,0.82,60,-3
68,68,1,0.83,60,-3
69,69,1,0.79,60,-3
70,70,1,0.81,60,-3
71,71,1,0.82,60,-3
72,72,1,0.7,60,-3
73,73,1,0.88,60,-3
74,74,1,0.85,60,-3
75,75,1,0.82,60,-3
76,76,1,0.81,60,-3
77,77,1,0.78,60,-3
78,78,1,0.78,60,-3
79,79,1,0.83,60,-3
80,80,1,0.86,60,-3
81,81,1,0.88,60,-3
82,82,1,0.84,60,-3
83,83,1,0.78,60,-3
84,84,1,0.87,60,-3
85,85,1,0.84,60,-3
86,86,1,0.81,60,-3
87,87,1,0.82,60,-3
88,88,1,0.84,60,-3
89,89,1,0.85,60,-3
90,90,1,0.81,60,-3
91,91,1,0.84,60,-3
92,92,1,0.81,60,-3
93,93,1,0.89,60,-3
94,94,1,0.84,60,-3
95,95,1,0.79,60,-3
96,96,1,0.84,60,-3
97,97,1,0.85,60,-3
98,98,1,0.84,60,-3
99,99,1,0.91,60,-3
100,100,1,0.88,60,-3
101,1,1,0.69,120,-3
102,2,1,0.68,120,-3
103,3,1,0.66,120,-3
104,4,1,0.73,120,-3
105,5,1,0.68,120,-3
106,6,1,0.65,120,-3
107,7,1,0.7,120,-3
108,8,1,0.7,120,-3
109,9,1,0.56,120,-3
110,10,1,0.71,120,-3
111,11,1,0.61,120,-3
112,12,1,0.72,120,-3
113,13,1,0.68,120,-3
114,14,1,0.74,120,-3
115,15,1,0.66,120,-3
116,16,1,0.76,120,-3
117,17,1,0.71,120,-3
118,18,1,0.65,120,-3
119,19,1,0.68,120,-3
120,20,1,0.82,120,-3
121,21,1,0.7,120,-3
122,22,1,0.66,120,-3
123,23,1,0.8,120,-3
124,24,1,0.76,120,-3
125,25,1,0.68,120,-3
126,26,1,0.73,120,-3
127,27,1,0.7,120,-3
128,28,1,0.73,120,-3
129,29,1,0.72,120,-3
130,30,1,0.66,120,-3
131,31,1,0.77,120,-3
132,32,1,0.76,120,-3
133,33,1,0.59,120,-3
134,34,1,0.75,120,-3
135,35,1,0.71,120,-3
136,36,1,0.72,120,-3
137,37,1,0.7,120,-3
138,38,1,0.8,120,-3
139,39,1,0.67,120,-3
140,40,1,0.61,120,-3
141,41,1,0.68,120,-3
142,42,1,0.74,120,-3
143,43,1,0.68,120,-3
144,44,1,0.68,120,-3
145,45,1,0.73,120,-3
146,46,1,0.69,120,-3
147,47,1,0.72,120,-3
148,48,1,0.66,120,-3
149,49,1,0.71,120,-3
150,50,1,0.62,120,-3
151,51,1,0.65,120,-3
152,52,1,0.69,120,-3
153,53,1,0.73,120,-3
154,54,1,0.68,120,-3
155,55,1,0.66,120,-3
156,56,1,0.64,120,-3
157,57,1,0.66,120,-3
158,58,1,0.69,120,-3
159,59,1,0.66,120,-3
160,60,1,0.65,120,-3
161,61,1,0.71,120,-3
162,62,1,0.7,120,-3
163,63,1,0.66,120,-3
164,64,1,0.64,120,-3
165,65,1,0.67,120,-3
166,66,1,0.71,120,-3
167,67,1,0.76,120,-3
168,68,1,0.75,120,-3
169,69,1,0.72,120,-3
170,70,1,0.69,120,-3
171,71,1,0.62,120,-3
172,72,1,0.74,120,-3
173,73,1,0.75,120,-3
174,74,1,0.69,120,-3
175,75,1,0.7,120,-3
176,76,1,0.72,120,-3
177,77,1,0.76,120,-3
178,78,1,0.68,120,-3
179,79,1,0.74,120,-3
180,80,1,0.68,120,-3
181,81,1,0.73,120,-3
182,82,1,0.66,120,-3
183,83,1,0.71,120,-3
184,84,1,0.66,120,-3
185,85,1,0.69,120,-3
186,86,1,0.72,120,-3
187,87,1,0.64,120,-3
188,88,1,0.68,120,-3
189,89,1,0.7,120,-3
190,90,1,0.74,120,-3
191,91,1,0.61,120,-3
192,92,1,0.61,120,-3
193,93,1,0.64,120,-3
194,94,1,0.66,120,-3
195,95,1,0.66,120,-3
196,96,1,0.72,120,-3
197,97,1,0.7,120,-3
198,98,1,0.71,120,-3
199,99,1,0.69,120,-3
200,100,1,0.62,120,-3
201,1,1,0.41,300,-3
202,2,1,0.41,300,-3
203,3,1,0.41,300,-3
204,4,1,0.43,300,-3
205,5,1,0.41,300,-3
206,6,1,0.3,300,-3
207,7,1,0.38,300,-3
208,8,1,0.39,300,-3
209,9,1,0.4,300,-3
210,10,1,0.31,300,-3
211,11,1,0.44,300,-3
212,12,1,0.33,300,-3
213,13,1,0.4,300,-3
214,14,1,0.49,300,-3
215,15,1,0.42,300,-3
216,16,1,0.44,300,-3
217,17,1,0.46,300,-3
218,18,1,0.29,300,-3
219,19,1,0.46,300,-3
220,20,1,0.31,300,-3
221,21,1,0.44,300,-3
222,22,1,0.41,300,-3
223,23,1,0.41,300,-3
224,24,1,0.4,300,-3
225,25,1,0.34,300,-3
226,26,1,0.29,300,-3
227,27,1,0.49,300,-3
228,28,1,0.41,300,-3
229,29,1,0.42,300,-3
230,30,1,0.36,300,-3
231,31,1,0.43,300,-3
232,32,1,0.39,300,-3
233,33,1,0.31,300,-3
234,34,1,0.44,300,-3
235,35,1,0.41,300,-3
236,36,1,0.33,300,-3
237,37,1,0.39,300,-3
238,38,1,0.45,300,-3
239,39,1,0.35,300,-3
240,40,1,0.44,300,-3
241,41,1,0.42,300,-3
242,42,1,0.39,300,-3
243,43,1,0.46,300,-3
244,44,1,0.37,300,-3
245,45,1,0.46,300,-3
246,46,1,0.46,300,-3
247,47,1,0.44,300,-3
248,48,1,0.39,300,-3
249,49,1,0.36,300,-3
250,50,1,0.3,300,-3
251,51,1,0.38,300,-3
252,52,1,0.42,300,-3
253,53,1,0.47,300,-3
254,54,1,0.44,300,-3
255,55,1,0.44,300,-3
256,56,1,0.4,300,-3
257,57,1,0.36,300,-3
258,58,1,0.41,300,-3
259,59,1,0.48,300,-3
260,60,1,0.43,300,-3
261,61,1,0.4,300,-3
262,62,1,0.49,300,-3
263,63,1,0.39,300,-3
264,64,1,0.42,300,-3
265,65,1,0.4,300,-3
266,66,1,0.35,300,-3
267,67,1,0.5,300,-3
268,68,1,0.46,300,-3
269,69,1,0.44,300,-3
270,70,1,0.47,300,-3
271,71,1,0.39,300,-3
272,72,1,0.41,300,-3
273,73,1,0.31,300,-3
274,74,1,0.38,300,-3
275,75,1,0.34,300,-3
276,76,1,0.41,300,-3
277,77,1,0.35,300,-3
278,78,1,0.36,300,-3
279,79,1,0.37,300,-3
280,80,1,0.44,300,-3
281,81,1,0.36,300,-3
282,82,1,0.41,300,-3
283,83,1,0.38,300,-3
284,84,1,0.39,300,-3
285,85,1,0.48,300,-3
286,86,1,0.43,300,-3
287,87,1,0.42,300,-3
288,88,1,0.4,300,-3
289,89,1,0.45,300,-3
290,90,1,0.41,300,-3
291,91,1,0.37,300,-3
292,92,1,0.48,300,-3
293,93,1,0.48,300,-3
294,94,1,0.39,300,-3
295,95,1,0.38,300,-3
296,96,1,0.35,300,-3
297,97,1,0.38,300,-3
298,98,1,0.35,300,-3
299,99,1,0.36,300,-3
300,100,1,0.49,300,-3
301,1,1,0.21,600,-3
302,2,1,0.14,600,-3
303,3,1,0.16,600,-3
304,4,1,0.19,600,-3
305,5,1,0.17,600,-3
306,6,1,0.13,600,-3
307,7,1,0.16,600,-3
308,8,1,0.18,600,-3
309,9,1,0.12,600,-3
310,10,1,0.18,600,-3
311,11,1,0.1,600,-3
312,12,1,0.17,600,-3
313,13,1,0.19,600,-3
314,14,1,0.16,600,-3
315,15,1,0.12,600,-3
316,16,1,0.18,600,-3
317,17,1,0.18,600,-3
318,18,1,0.18,600,-3
319,19,1,0.14,600,-3
320,20,1,0.14,600,-3
321,21,1,0.12,600,-3
322,22,1,0.17,600,-3
323,23,1,0.15,600,-3
324,24,1,0.19,600,-3
325,25,1,0.14,600,-3
326,26,1,0.12,600,-3
327,27,1,0.16,600,-3
328,28,1,0.15,600,-3
329,29,1,0.13,600,-3
330,30,1,0.14,600,-3
331,31,1,0.14,600,-3
332,32,1,0.17,600,-3
333,33,1,0.2,600,-3
334,34,1,0.16,600,-3
335,35,1,0.15,600,-3
336,36,1,0.17,600,-3
337,37,1,0.19,600,-3
338,38,1,0.18,600,-3
339,39,1,0.1,600,-3
340,40,1,0.19,600,-3
341,41,1,0.13,600,-3
342,42,1,0.17,600,-3
343,43,1,0.16,600,-3
344,44,1,0.19,600,-3
345,45,1,0.17,600,-3
346,46,1,0.13,600,-3
347,47,1,0.18,600,-3
348,48,1,0.17,600,-3
349,49,1,0.18,600,-3
350,50,1,0.18,600,-3
351,51,1,0.21,600,-3
352,52,1,0.15,600,-3
353,53,1,0.16,600,-3
354,54,1,0.09,600,-3
355,55,1,0.14,600,-3
356,56,1,0.16,600,-3
357,57,1,0.13,600,-3
358,58,1,0.1,600,-3
359,59,1,0.23,600,-3
360,60,1,0.17,600,-3
361,61,1,0.2,600,-3
362,62,1,0.13,600,-3
363,63,1,0.11,600,-3
364,64,1,0.1,600,-3
365,65,1,0.25,600,-3
366,66,1,0.16,600,-3
367,67,1,0.18,600,-3
368,68,1,0.17,600,-3
369,69,1,0.22,600,-3
370,70,1,0.14,600,-3
371,71,1,0.15,600,-3
372,72,1,0.16,600,-3
373,73,1,0.18,600,-3
374,74,1,0.15,600,-3
375,75,1,0.13,600,-3
376,76,1,0.12,600,-3
377,77,1,0.19,600,-3
378,78,1,0.2,600,-3
379,79,1,0.2,600,-3
380,80,1,0.22,600,-3
381,81,1,0.18,600,-3
382,82,1,0.21,600,-3
383,83,1,0.12,600,-3
384,84,1,0.14,600,-3
385,85,1,0.2,600,-3
386,86,1,0.11,600,-3
387,87,1,0.16,600,-3
388,88,1,0.16,600,-3
389,89,1,0.17,600,-3
390,90,1,0.13,600,-3
391,91,1,0.12,600,-3
392,92,1,0.09,600,-3
393,93,1,0.14,600,-3
394,94,1,0.23,600,-3
395,95,1,0.17,600,-3
396,96,1,0.23,600,-3
397,97,1,0.18,600,-3
398,98,1,0.19,600,-3
399,99,1,0.17,600,-3
400,100,1,0.21,600,-3
401,1,1,0.04,1200,-3
402,2,1,0.02,1200,-3
403,3,1,0.02,1200,-3
404,4,1,0.02,1200,-3
405,5,1,0.04,1200,-3
406,6,1,0.02,1200,-3
407,7,1,0.04,1200,-3
408,8,1,0.03,1200,-3
409,9,1,0.04,1200,-3
410,10,1,0.02,1200,-3
411,11,1,0.03,1200,-3
412,12,1,0,1200,-3
413,13,1,0.03,1200,-3
414,14,1,0.04,1200,-3
415,15,1,0.04,1200,-3
416,16,1,0.01,1200,-3
417,17,1,0.03,1200,-3
418,18,1,0.01,1200,-3
419,19,1,0.04,1200,-3
420,20,1,0.02,1200,-3
421,21,1,0,1200,-3
422,22,1,0.05,1200,-3
423,23,1,0.03,1200,-3
424,24,1,0.01,1200,-3
425,25,1,0.05,1200,-3
426,26,1,0,1200,-3
427,27,1,0.05,1200,-3
428,28,1,0.03,1200,-3
429,29,1,0.03,1200,-3
430,30,1,0.02,1200,-3
431,31,1,0.01,1200,-3
432,32,1,0.03,1200,-3
433,33,1,0.04,1200,-3
434,34,1,0.03,1200,-3
435,35,1,0.02,1200,-3
436,36,1,0.04,1200,-3
437,37,1,0.03,1200,-3
438,38,1,0.02,1200,-3
439,39,1,0.04,1200,-3
440,40,1,0.05,1200,-3
441,41,1,0.04,1200,-3
442,42,1,0.03,1200,-3
443,43,1,0.01,1200,-3
444,44,1,0.03,1200,-3
445,45,1,0.03,1200,-3
446,46,1,0.05,1200,-3
447,47,1,0.06,1200,-3
448,48,1,0.03,1200,-3
449,49,1,0.02,1200,-3
450,50,1,0.02,1200,-3
451,51,1,0.01,1200,-3
452,52,1,0.02,1200,-3
453,53,1,0.02,1200,-3
454,54,1,0.01,1200,-3
455,55,1,0.02,1200,-3
456,56,1,0.02,1200,-3
457,57,1,0.02,1200,-3
458,58,1,0.02,1200,-3
459,59,1,0.05,1200,-3
460,60,1,0.05,1200,-3
461,61,1,0.02,1200,-3
462,62,1,0.01,1200,-3
463,63,1,0.06,1200,-3
464,64,1,0.01,1200,-3
465,65,1,0.01,1200,-3
466,66,1,0,1200,-3
467,67,1,0.02,1200,-3
468,68,1,0.03,1200,-3
469,69,1,0.03,1200,-3
470,70,1,0,1200,-3
471,71,1,0.08,1200,-3
472,72,1,0.03,1200,-3
473,73,1,0.02,1200,-3
474,74,1,0.03,1200,-3
475,75,1,0.04,1200,-3
476,76,1,0.02,1200,-3
477,77,1,0.04,1200,-3
478,78,1,0.03,1200,-3
479,79,1,0.05,1200,-3
480,80,1,0.01,1200,-3
481,81,1,0.03,1200,-3
482,82,1,0.04,1200,-3
483,83,1,0.03,1200,-3
484,84,1,0.01,1200,-3
485,85,1,0.03,1200,-3
486,86,1,0.02,1200,-3
487,87,1,0.02,1200,-3
488,88,1,0.03,1200,-3
489,89,1,0.02,1200,-3
490,90,1,0.02,1200,-3
491,91,1,0.02,1200,-3
492,92,1,0.04,1200,-3
493,93,1,0.02,1200,-3
494,94,1,0,1200,-3
495,95,1,0.06,1200,-3
496,96,1,0.02,1200,-3
497,97,1,0.02,1200,-3
498,98,1,0.03,1200,-3
499,99,1,0.06,1200,-3
500,100,1,0.05,1200,-3
1,1,1,0.2,60,-2
2,2,1,0.17,60,-2
3,3,1,0.1,60,-2
4,4,1,0.18,60,-2
5,5,1,0.13,60,-2
6,6,1,0.15,60,-2
7,7,1,0.14,60,-2
8,8,1,0.15,60,-2
9,9,1,0.19,60,-2
10,10,1,0.1,60,-2
11,11,1,0.27,60,-2
12,12,1,0.14,60,-2
13,13,1,0.15,60,-2
14,14,1,0.13,60,-2
15,15,1,0.19,60,-2
16,16,1,0.19,60,-2
17,17,1,0.15,60,-2
18,18,1,0.13,60,-2
19,19,1,0.09,60,-2
20,20,1,0.14,60,-2
21,21,1,0.16,60,-2
22,22,1,0.19,60,-2
23,23,1,0.14,60,-2
24,24,1,0.23,60,-2
25,25,1,0.16,60,-2
26,26,1,0.13,60,-2
27,27,1,0.16,60,-2
28,28,1,0.22,60,-2
29,29,1,0.16,60,-2
30,30,1,0.14,60,-2
31,31,1,0.16,60,-2
32,32,1,0.1,60,-2
33,33,1,0.13,60,-2
34,34,1,0.15,60,-2
35,35,1,0.11,60,-2
36,36,1,0.14,60,-2
37,37,1,0.15,60,-2
38,38,1,0.1,60,-2
39,39,1,0.16,60,-2
40,40,1,0.16,60,-2
41,41,1,0.16,60,-2
42,42,1,0.22,60,-2
43,43,1,0.21,60,-2
44,44,1,0.15,60,-2
45,45,1,0.12,60,-2
46,46,1,0.11,60,-2
47,47,1,0.19,60,-2
48,48,1,0.15,60,-2
49,49,1,0.16,60,-2
50,50,1,0.11,60,-2
51,51,1,0.11,60,-2
52,52,1,0.16,60,-2
53,53,1,0.15,60,-2
54,54,1,0.13,60,-2
55,55,1,0.16,60,-2
56,56,1,0.11,60,-2
57,57,1,0.15,60,-2
58,58,1,0.22,60,-2
59,59,1,0.18,60,-2
60,60,1,0.14,60,-2
61,61,1,0.17,60,-2
62,62,1,0.19,60,-2
63,63,1,0.21,60,-2
64,64,1,0.14,60,-2
65,65,1,0.16,60,-2
66,66,1,0.19,60,-2
67,67,1,0.15,60,-2
68,68,1,0.15,60,-2
69,69,1,0.19,60,-2
70,70,1,0.21,60,-2
71,71,1,0.24,60,-2
72,72,1,0.14,60,-2
73,73,1,0.12,60,-2
74,74,1,0.13,60,-2
75,75,1,0.15,60,-2
76,76,1,0.15,60,-2
77,77,1,0.13,60,-2
78,78,1,0.15,60,-2
79,79,1,0.15,60,-2
80,80,1,0.12,60,-2
81,81,1,0.14,60,-2
82,82,1,0.15,60,-2
83,83,1,0.15,60,-2
84,84,1,0.12,60,-2
85,85,1,0.17,60,-2
86,86,1,0.14,60,-2
87,87,1,0.16,60,-2
88,88,1,0.14,60,-2
89,89,1,0.16,60,-2
90,90,1,0.19,60,-2
91,91,1,0.21,60,-2
92,92,1,0.2,60,-2
93,93,1,0.19,60,-2
94,94,1,0.08,60,-2
95,95,1,0.16,60,-2
96,96,1,0.09,60,-2
97,97,1,0.17,60,-2
98,98,1,0.17,60,-2
99,99,1,0.08,60,-2
100,100,1,0.17,60,-2
101,1,1,0.03,120,-2
102,2,1,0.06,120,-2
103,3,1,0.01,120,-2
104,4,1,0.03,120,-2
105,5,1,0.01,120,-2
106,6,1,0.05,120,-2
107,7,1,0,120,-2
108,8,1,0.07,120,-2
109,9,1,0.01,120,-2
110,10,1,0.03,120,-2
111,11,1,0,120,-2
112,12,1,0.03,120,-2
113,13,1,0.04,120,-2
114,14,1,0.03,120,-2
115,15,1,0.02,120,-2
116,16,1,0.01,120,-2
117,17,1,0,120,-2
118,18,1,0.01,120,-2
119,19,1,0.04,120,-2
120,20,1,0.02,120,-2
121,21,1,0.02,120,-2
122,22,1,0.04,120,-2
123,23,1,0,120,-2
124,24,1,0,120,-2
125,25,1,0.02,120,-2
126,26,1,0.02,120,-2
127,27,1,0.01,120,-2
128,28,1,0.04,120,-2
129,29,1,0.02,120,-2
130,30,1,0.04,120,-2
131,31,1,0.02,120,-2
132,32,1,0.02,120,-2
133,33,1,0.01,120,-2
134,34,1,0.04,120,-2
135,35,1,0.03,120,-2
136,36,1,0,120,-2
137,37,1,0,120,-2
138,38,1,0.02,120,-2
139,39,1,0.03,120,-2
140,40,1,0.01,120,-2
141,41,1,0.04,120,-2
142,42,1,0,120,-2
143,43,1,0.05,120,-2
144,44,1,0.02,120,-2
145,45,1,0.02,120,-2
146,46,1,0.07,120,-2
147,47,1,0.03,120,-2
148,48,1,0.06,120,-2
149,49,1,0.02,120,-2
150,50,1,0.03,120,-2
151,51,1,0.04,120,-2
152,52,1,0.01,120,-2
153,53,1,0.04,120,-2
154,54,1,0.01,120,-2
155,55,1,0.05,120,-2
156,56,1,0.02,120,-2
157,57,1,0.01,120,-2
158,58,1,0.03,120,-2
159,59,1,0,120,-2
160,60,1,0.02,120,-2
161,61,1,0.03,120,-2
162,62,1,0.04,120,-2
163,63,1,0.03,120,-2
164,64,1,0.05,120,-2
165,65,1,0.05,120,-2
166,66,1,0,120,-2
167,67,1,0.02,120,-2
168,68,1,0.03,120,-2
169,69,1,0.03,120,-2
170,70,1,0.02,120,-2
171,71,1,0.06,120,-2
172,72,1,0.02,120,-2
173,73,1,0,120,-2
174,74,1,0.02,120,-2
175,75,1,0,120,-2
176,76,1,0.03,120,-2
177,77,1,0.06,120,-2
178,78,1,0.01,120,-2
179,79,1,0.01,120,-2
180,80,1,0.03,120,-2
181,81,1,0.03,120,-2
182,82,1,0.05,120,-2
183,83,1,0.02,120,-2
184,84,1,0.03,120,-2
185,85,1,0.01,120,-2
186,86,1,0.04,120,-2
187,87,1,0.05,120,-2
188,88,1,0.02,120,-2
189,89,1,0.01,120,-2
190,90,1,0.04,120,-2
191,91,1,0.02,120,-2
192,92,1,0.02,120,-2
193,93,1,0,120,-2
194,94,1,0.02,120,-2
195,95,1,0.01,120,-2
196,96,1,0.02,120,-2
197,97,1,0.03,120,-2
198,98,1,0.01,120,-2
199,99,1,0.06,120,-2
200,100,1,0.04,120,-2
201,1,1,0,300,-2
202,2,1,0,300,-2
203,3,1,0,300,-2
204,4,1,0,300,-2
205,5,1,0,300,-2
206,6,1,0,300,-2
207,7,1,0,300,-2
208,8,1,0,300,-2
209,9,1,0,300,-2
210,10,1,0,300,-2
211,11,1,0,300,-2
212,12,1,0,300,-2
213,13,1,0,300,-2
214,14,1,0,300,-2
215,15,1,0,300,-2
216,16,1,0,300,-2
217,17,1,0,300,-2
218,18,1,0,300,-2
219,19,1,0,300,-2
220,20,1,0,300,-2
221,21,1,0,300,-2
222,22,1,0,300,-2
223,23,1,0,300,-2
224,24,1,0,300,-2
225,25,1,0,300,-2
226,26,1,0,300,-2
227,27,1,0,300,-2
228,28,1,0,300,-2
229,29,1,0,300,-2
230,30,1,0,300,-2
231,31,1,0,300,-2
232,32,1,0,300,-2
233,33,1,0,300,-2
234,34,1,0,300,-2
235,35,1,0,300,-2
236,36,1,0,300,-2
237,37,1,0,300,-2
238,38,1,0,300,-2
239,39,1,0,300,-2
240,40,1,0,300,-2
241,41,1,0,300,-2
242,42,1,0,300,-2
243,43,1,0,300,-2
244,44,1,0,300,-2
245,45,1,0,300,-2
246,46,1,0,300,-2
247,47,1,0,300,-2
248,48,1,0,300,-2
249,49,1,0,300,-2
250,50,1,0,300,-2
251,51,1,0,300,-2
252,52,1,0,300,-2
253,53,1,0,300,-2
254,54,1,0,300,-2
255,55,1,0,300,-2
256,56,1,0,300,-2
257,57,1,0,300,-2
258,58,1,0,300,-2
259,59,1,0,300,-2
260,60,1,0,300,-2
261,61,1,0,300,-2
262,62,1,0,300,-2
263,63,1,0,300,-2
264,64,1,0,300,-2
265,65,1,0,300,-2
266,66,1,0,300,-2
267,67,1,0,300,-2
268,68,1,0,300,-2
269,69,1,0,300,-2
270,70,1,0,300,-2
271,71,1,0,300,-2
272,72,1,0,300,-2
273,73,1,0,300,-2
274,74,1,0,300,-2
275,75,1,0,300,-2
276,76,1,0,300,-2
277,77,1,0,300,-2
278,78,1,0.01,300,-2
279,79,1,0,300,-2
280,80,1,0,300,-2
281,81,1,0,300,-2
282,82,1,0,300,-2
283,83,1,0,300,-2
284,84,1,0,300,-2
285,85,1,0,300,-2
286,86,1,0,300,-2
287,87,1,0,300,-2
288,88,1,0,300,-2
289,89,1,0,300,-2
290,90,1,0,300,-2
291,91,1,0,300,-2
292,92,1,0,300,-2
293,93,1,0,300,-2
294,94,1,0,300,-2
295,95,1,0,300,-2
296,96,1,0,300,-2
297,97,1,0,300,-2
298,98,1,0,300,-2
299,99,1,0,300,-2
300,100,1,0,300,-2
301,1,1,0,600,-2
302,2,1,0,600,-2
303,3,1,0,600,-2
304,4,1,0,600,-2
305,5,1,0,600,-2
306,6,1,0,600,-2
307,7,1,0,600,-2
308,8,1,0,600,-2
309,9,1,0,600,-2
310,10,1,0,600,-2
311,11,1,0,600,-2
312,12,1,0,600,-2
313,13,1,0,600,-2
314,14,1,0,600,-2
315,15,1,0,600,-2
316,16,1,0,600,-2
317,17,1,0,600,-2
318,18,1,0,600,-2
319,19,1,0,600,-2
320,20,1,0,600,-2
321,21,1,0,600,-2
322,22,1,0,600,-2
323,23,1,0,600,-2
324,24,1,0,600,-2
325,25,1,0,600,-2
326,26,1,0,600,-2
327,27,1,0,600,-2
328,28,1,0,600,-2
329,29,1,0,600,-2
330,30,1,0,600,-2
331,31,1,0,600,-2
332,32,1,0,600,-2
333,33,1,0,600,-2
334,34,1,0,600,-2
335,35,1,0,600,-2
336,36,1,0,600,-2
337,37,1,0,600,-2
338,38,1,0,600,-2
339,39,1,0,600,-2
340,40,1,0,600,-2
341,41,1,0,600,-2
342,42,1,0,600,-2
343,43,1,0,600,-2
344,44,1,0,600,-2
345,45,1,0,600,-2
346,46,1,0,600,-2
347,47,1,0,600,-2
348,48,1,0,600,-2
349,49,1,0,600,-2
350,50,1,0,600,-2
351,51,1,0,600,-2
352,52,1,0,600,-2
353,53,1,0,600,-2
354,54,1,0,600,-2
355,55,1,0,600,-2
356,56,1,0,600,-2
357,57,1,0,600,-2
358,58,1,0,600,-2
359,59,1,0,600,-2
360,60,1,0,600,-2
361,61,1,0,600,-2
362,62,1,0,600,-2
363,63,1,0,600,-2
364,64,1,0,600,-2
365,65,1,0,600,-2
366,66,1,0,600,-2
367,67,1,0,600,-2
368,68,1,0,600,-2
369,69,1,0,600,-2
370,70,1,0,600,-2
371,71,1,0,600,-2
372,72,1,0,600,-2
373,73,1,0,600,-2
374,74,1,0,600,-2
375,75,1,0,600,-2
376,76,1,0,600,-2
377,77,1,0,600,-2
378,78,1,0,600,-2
379,79,1,0,600,-2
380,80,1,0,600,-2
381,81,1,0,600,-2
382,82,1,0,600,-2
383,83,1,0,600,-2
384,84,1,0,600,-2
385,85,1,0,600,-2
386,86,1,0,600,-2
387,87,1,0,600,-2
388,88,1,0,600,-2
389,89,1,0,600,-2
390,90,1,0,600,-2
391,91,1,0,600,-2
392,92,1,0,600,-2
393,93,1,0,600,-2
394,94,1,0,600,-2
395,95,1,0,600,-2
396,96,1,0,600,-2
397,97,1,0,600,-2
398,98,1,0,600,-2
399,99,1,0,600,-2
400,100,1,0,600,-2
401,1,1,0,1200,-2
402,2,1,0,1200,-2
403,3,1,0,1200,-2
404,4,1,0,1200,-2
405,5,1,0,1200,-2
406,6,1,0,1200,-2
407,7,1,0,1200,-2
408,8,1,0,1200,-2
409,9,1,0,1200,-2
410,10,1,0,1200,-2
411,11,1,0,1200,-2
412,12,1,0,1200,-2
413,13,1,0,1200,-2
414,14,1,0,1200,-2
415,15,1,0,1200,-2
416,16,1,0,1200,-2
417,17,1,0,1200,-2
418,18,1,0,1200,-2
419,19,1,0,1200,-2
420,20,1,0,1200,-2
421,21,1,0,1200,-2
422,22,1,0,1200,-2
423,23,1,0,1200,-2
424,24,1,0,1200,-2
425,25,1,0,1200,-2
426,26,1,0,1200,-2
427,27,1,0,1200,-2
428,28,1,0,1200,-2
429,29,1,0,1200,-2
430,30,1,0,1200,-2
431,31,1,0,1200,-2
432,32,1,0,1200,-2
433,33,1,0,1200,-2
434,34,1,0,1200,-2
435,35,1,0,1200,-2
436,36,1,0,1200,-2
437,37,1,0,1200,-2
438,38,1,0,1200,-2
439,39,1,0,1200,-2
440,40,1,0,1200,-2
441,41,1,0,1200,-2
442,42,1,0,1200,-2
443,43,1,0,1200,-2
444,44,1,0,1200,-2
445,45,1,0,1200,-2
446,46,1,0,1200,-2
447,47,1,0,1200,-2
448,48,1,0,1200,-2
449,49,1,0,1200,-2
450,50,1,0,1200,-2
451,51,1,0,1200,-2
452,52,1,0,1200,-2
453,53,1,0,1200,-2
454,54,1,0,1200,-2
455,55,1,0,1200,-2
456,56,1,0,1200,-2
457,57,1,0,1200,-2
458,58,1,0,1200,-2
459,59,1,0,1200,-2
460,60,1,0,1200,-2
461,61,1,0,1200,-2
462,62,1,0,1200,-2
463,63,1,0,1200,-2
464,64,1,0,1200,-2
465,65,1,0,1200,-2
466,66,1,0,1200,-2
467,67,1,0,1200,-2
468,68,1,0,1200,-2
469,69,1,0,1200,-2
470,70,1,0,1200,-2
471,71,1,0,1200,-2
472,72,1,0,1200,-2
473,73,1,0,1200,-2
474,74,1,0,1200,-2
475,75,1,0,1200,-2
476,76,1,0,1200,-2
477,77,1,0,1200,-2
478,78,1,0,1200,-2
479,79,1,0,1200,-2
480,80,1,0,1200,-2
481,81,1,0,1200,-2
482,82,1,0,1200,-2
483,83,1,0,1200,-2
484,84,1,0,1200,-2
485,85,1,0,1200,-2
486,86,1,0,1200,-2
487,87,1,0,1200,-2
488,88,1,0,1200,-2
489,89,1,0,1200,-2
490,90,1,0,1200,-2
491,91,1,0,1200,-2
492,92,1,0,1200,-2
493,93,1,0,1200,-2
494,94,1,0,1200,-2
495,95,1,0,1200,-2
496,96,1,0,1200,-2
497,97,1,0,1200,-2
498,98,1,0,1200,-2
499,99,1,0,1200,-2
500,100,1,0,1200,-2
1,1,1,0,60,-1
2,2,1,0,60,-1
3,3,1,0,60,-1
4,4,1,0,60,-1
5,5,1,0,60,-1
6,6,1,0,60,-1
7,7,1,0,60,-1
8,8,1,0,60,-1
9,9,1,0,60,-1
10,10,1,0,60,-1
11,11,1,0,60,-1
12,12,1,0,60,-1
13,13,1,0,60,-1
14,14,1,0,60,-1
15,15,1,0,60,-1
16,16,1,0,60,-1
17,17,1,0,60,-1
18,18,1,0,60,-1
19,19,1,0,60,-1
20,20,1,0,60,-1
21,21,1,0,60,-1
22,22,1,0,60,-1
23,23,1,0,60,-1
24,24,1,0,60,-1
25,25,1,0,60,-1
26,26,1,0,60,-1
27,27,1,0,60,-1
28,28,1,0,60,-1
29,29,1,0,60,-1
30,30,1,0,60,-1
31,31,1,0,60,-1
32,32,1,0,60,-1
33,33,1,0,60,-1
34,34,1,0,60,-1
35,35,1,0,60,-1
36,36,1,0,60,-1
37,37,1,0,60,-1
38,38,1,0,60,-1
39,39,1,0,60,-1
40,40,1,0,60,-1
41,41,1,0,60,-1
42,42,1,0,60,-1
43,43,1,0,60,-1
44,44,1,0,60,-1
45,45,1,0,60,-1
46,46,1,0,60,-1
47,47,1,0,60,-1
48,48,1,0,60,-1
49,49,1,0,60,-1
50,50,1,0,60,-1
51,51,1,0,60,-1
52,52,1,0,60,-1
53,53,1,0,60,-1
54,54,1,0,60,-1
55,55,1,0,60,-1
56,56,1,0,60,-1
57,57,1,0,60,-1
58,58,1,0,60,-1
59,59,1,0,60,-1
60,60,1,0,60,-1
61,61,1,0,60,-1
62,62,1,0,60,-1
63,63,1,0,60,-1
64,64,1,0,60,-1
65,65,1,0,60,-1
66,66,1,0,60,-1
67,67,1,0,60,-1
68,68,1,0,60,-1
69,69,1,0,60,-1
70,70,1,0,60,-1
71,71,1,0,60,-1
72,72,1,0,60,-1
73,73,1,0,60,-1
74,74,1,0,60,-1
75,75,1,0,60,-1
76,76,1,0,60,-1
77,77,1,0,60,-1
78,78,1,0,60,-1
79,79,1,0,60,-1
80,80,1,0,60,-1
81,81,1,0,60,-1
82,82,1,0,60,-1
83,83,1,0,60,-1
84,84,1,0,60,-1
85,85,1,0,60,-1
86,86,1,0,60,-1
87,87,1,0,60,-1
88,88,1,0,60,-1
89,89,1,0,60,-1
90,90,1,0,60,-1
91,91,1,0,60,-1
92,92,1,0,60,-1
93,93,1,0,60,-1
94,94,1,0,60,-1
95,95,1,0,60,-1
96,96,1,0,60,-1
97,97,1,0,60,-1
98,98,1,0,60,-1
99,99,1,0,60,-1
100,100,1,0,60,-1
101,1,1,0,120,-1
102,2,1,0,120,-1
103,3,1,0,120,-1
104,4,1,0,120,-1
105,5,1,0,120,-1
106,6,1,0,120,-1
107,7,1,0,120,-1
108,8,1,0,120,-1
109,9,1,0,120,-1
110,10,1,0,120,-1
111,11,1,0,120,-1
112,12,1,0,120,-1
113,13,1,0,120,-1
114,14,1,0,120,-1
115,15,1,0,120,-1
116,16,1,0,120,-1
117,17,1,0,120,-1
118,18,1,0,120,-1
119,19,1,0,120,-1
120,20,1,0,120,-1
121,21,1,0,120,-1
122,22,1,0,120,-1
123,23,1,0,120,-1
124,24,1,0,120,-1
125,25,1,0,120,-1
126,26,1,0,120,-1
127,27,1,0,120,-1
128,28,1,0,120,-1
129,29,1,0,120,-1
130,30,1,0,120,-1
131,31,1,0,120,-1
132,32,1,0,120,-1
133,33,1,0,120,-1
134,34,1,0,120,-1
135,35,1,0,120,-1
136,36,1,0,120,-1
137,37,1,0,120,-1
138,38,1,0,120,-1
139,39,1,0,120,-1
140,40,1,0,120,-1
141,41,1,0,120,-1
142,42,1,0,120,-1
143,43,1,0,120,-1
144,44,1,0,120,-1
145,45,1,0,120,-1
146,46,1,0,120,-1
147,47,1,0,120,-1
148,48,1,0,120,-1
149,49,1,0,120,-1
150,50,1,0,120,-1
151,51,1,0,120,-1
152,52,1,0,120,-1
153,53,1,0,120,-1
154,54,1,0,120,-1
155,55,1,0,120,-1
156,56,1,0,120,-1
157,57,1,0,120,-1
158,58,1,0,120,-1
159,59,1,0,120,-1
160,60,1,0,120,-1
161,61,1,0,120,-1
162,62,1,0,120,-1
163,63,1,0,120,-1
164,64,1,0,120,-1
165,65,1,0,120,-1
166,66,1,0,120,-1
167,67,1,0,120,-1
168,68,1,0,120,-1
169,69,1,0,120,-1
170,70,1,0,120,-1
171,71,1,0,120,-1
172,72,1,0,120,-1
173,73,1,0,120,-1
174,74,1,0,120,-1
175,75,1,0,120,-1
176,76,1,0,120,-1
177,77,1,0,120,-1
178,78,1,0,120,-1
179,79,1,0,120,-1
180,80,1,0,120,-1
181,81,1,0,120,-1
182,82,1,0,120,-1
183,83,1,0,120,-1
184,84,1,0,120,-1
185,85,1,0,120,-1
186,86,1,0,120,-1
187,87,1,0,120,-1
188,88,1,0,120,-1
189,89,1,0,120,-1
190,90,1,0,120,-1
191,91,1,0,120,-1
192,92,1,0,120,-1
193,93,1,0,120,-1
194,94,1,0,120,-1
195,95,1,0,120,-1
196,96,1,0,120,-1
197,97,1,0,120,-1
198,98,1,0,120,-1
199,99,1,0,120,-1
200,100,1,0,120,-1
201,1,1,0,300,-1
202,2,1,0,300,-1
203,3,1,0,300,-1
204,4,1,0,300,-1
205,5,1,0,300,-1
206,6,1,0,300,-1
207,7,1,0,300,-1
208,8,1,0,300,-1
209,9,1,0,300,-1
210,10,1,0,300,-1
211,11,1,0,300,-1
212,12,1,0,300,-1
213,13,1,0,300,-1
214,14,1,0,300,-1
215,15,1,0,300,-1
216,16,1,0,300,-1
217,17,1,0,300,-1
218,18,1,0,300,-1
219,19,1,0,300,-1
220,20,1,0,300,-1
221,21,1,0,300,-1
222,22,1,0,300,-1
223,23,1,0,300,-1
224,24,1,0,300,-1
225,25,1,0,300,-1
226,26,1,0,300,-1
227,27,1,0,300,-1
228,28,1,0,300,-1
229,29,1,0,300,-1
230,30,1,0,300,-1
231,31,1,0,300,-1
232,32,1,0,300,-1
233,33,1,0,300,-1
234,34,1,0,300,-1
235,35,1,0,300,-1
236,36,1,0,300,-1
237,37,1,0,300,-1
238,38,1,0,300,-1
239,39,1,0,300,-1
240,40,1,0,300,-1
241,41,1,0,300,-1
242,42,1,0,300,-1
243,43,1,0,300,-1
244,44,1,0,300,-1
245,45,1,0,300,-1
246,46,1,0,300,-1
247,47,1,0,300,-1
248,48,1,0,300,-1
249,49,1,0,300,-1
250,50,1,0,300,-1
251,51,1,0,300,-1
252,52,1,0,300,-1
253,53,1,0,300,-1
254,54,1,0,300,-1
255,55,1,0,300,-1
256,56,1,0,300,-1
257,57,1,0,300,-1
258,58,1,0,300,-1
259,59,1,0,300,-1
260,60,1,0,300,-1
261,61,1,0,300,-1
262,62,1,0,300,-1
263,63,1,0,300,-1
264,64,1,0,300,-1
265,65,1,0,300,-1
266,66,1,0,300,-1
267,67,1,0,300,-1
268,68,1,0,300,-1
269,69,1,0,300,-1
270,70,1,0,300,-1
271,71,1,0,300,-1
272,72,1,0,300,-1
273,73,1,0,300,-1
274,74,1,0,300,-1
275,75,1,0,300,-1
276,76,1,0,300,-1
277,77,1,0,300,-1
278,78,1,0,300,-1
279,79,1,0,300,-1
280,80,1,0,300,-1
281,81,1,0,300,-1
282,82,1,0,300,-1
283,83,1,0,300,-1
284,84,1,0,300,-1
285,85,1,0,300,-1
286,86,1,0,300,-1
287,87,1,0,300,-1
288,88,1,0,300,-1
289,89,1,0,300,-1
290,90,1,0,300,-1
291,91,1,0,300,-1
292,92,1,0,300,-1
293,93,1,0,300,-1
294,94,1,0,300,-1
295,95,1,0,300,-1
296,96,1,0,300,-1
297,97,1,0,300,-1
298,98,1,0,300,-1
299,99,1,0,300,-1
300,100,1,0,300,-1
301,1,1,0,600,-1
302,2,1,0,600,-1
303,3,1,0,600,-1
304,4,1,0,600,-1
305,5,1,0,600,-1
306,6,1,0,600,-1
307,7,1,0,600,-1
308,8,1,0,600,-1
309,9,1,0,600,-1
310,10,1,0,600,-1
311,11,1,0,600,-1
312,12,1,0,600,-1
313,13,1,0,600,-1
314,14,1,0,600,-1
315,15,1,0,600,-1
316,16,1,0,600,-1
317,17,1,0,600,-1
318,18,1,0,600,-1
319,19,1,0,600,-1
320,20,1,0,600,-1
321,21,1,0,600,-1
322,22,1,0,600,-1
323,23,1,0,600,-1
324,24,1,0,600,-1
325,25,1,0,600,-1
326,26,1,0,600,-1
327,27,1,0,600,-1
328,28,1,0,600,-1
329,29,1,0,600,-1
330,30,1,0,600,-1
331,31,1,0,600,-1
332,32,1,0,600,-1
333,33,1,0,600,-1
334,34,1,0,600,-1
335,35,1,0,600,-1
336,36,1,0,600,-1
337,37,1,0,600,-1
338,38,1,0,600,-1
339,39,1,0,600,-1
340,40,1,0,600,-1
341,41,1,0,600,-1
342,42,1,0,600,-1
343,43,1,0,600,-1
344,44,1,0,600,-1
345,45,1,0,600,-1
346,46,1,0,600,-1
347,47,1,0,600,-1
348,48,1,0,600,-1
349,49,1,0,600,-1
350,50,1,0,600,-1
351,51,1,0,600,-1
352,52,1,0,600,-1
353,53,1,0,600,-1
354,54,1,0,600,-1
355,55,1,0,600,-1
356,56,1,0,600,-1
357,57,1,0,600,-1
358,58,1,0,600,-1
359,59,1,0,600,-1
360,60,1,0,600,-1
361,61,1,0,600,-1
362,62,1,0,600,-1
363,63,1,0,600,-1
364,64,1,0,600,-1
365,65,1,0,600,-1
366,66,1,0,600,-1
367,67,1,0,600,-1
368,68,1,0,600,-1
369,69,1,0,600,-1
370,70,1,0,600,-1
371,71,1,0,600,-1
372,72,1,0,600,-1
373,73,1,0,600,-1
374,74,1,0,600,-1
375,75,1,0,600,-1
376,76,1,0,600,-1
377,77,1,0,600,-1
378,78,1,0,600,-1
379,79,1,0,600,-1
380,80,1,0,600,-1
381,81,1,0,600,-1
382,82,1,0,600,-1
383,83,1,0,600,-1
384,84,1,0,600,-1
385,85,1,0,600,-1
386,86,1,0,600,-1
387,87,1,0,600,-1
388,88,1,0,600,-1
389,89,1,0,600,-1
390,90,1,0,600,-1
391,91,1,0,600,-1
392,92,1,0,600,-1
393,93,1,0,600,-1
394,94,1,0,600,-1
395,95,1,0,600,-1
396,96,1,0,600,-1
397,97,1,0,600,-1
398,98,1,0,600,-1
399,99,1,0,600,-1
400,100,1,0,600,-1
401,1,1,0,1200,-1
402,2,1,0,1200,-1
403,3,1,0,1200,-1
404,4,1,0,1200,-1
405,5,1,0,1200,-1
406,6,1,0,1200,-1
407,7,1,0,1200,-1
408,8,1,0,1200,-1
409,9,1,0,1200,-1
410,10,1,0,1200,-1
411,11,1,0,1200,-1
412,12,1,0,1200,-1
413,13,1,0,1200,-1
414,14,1,0,1200,-1
415,15,1,0,1200,-1
416,16,1,0,1200,-1
417,17,1,0,1200,-1
418,18,1,0,1200,-1
419,19,1,0,1200,-1
420,20,1,0,1200,-1
421,21,1,0,1200,-1
422,22,1,0,1200,-1
423,23,1,0,1200,-1
424,24,1,0,1200,-1
425,25,1,0,1200,-1
426,26,1,0,1200,-1
427,27,1,0,1200,-1
428,28,1,0,1200,-1
429,29,1,0,1200,-1
430,30,1,0,1200,-1
431,31,1,0,1200,-1
432,32,1,0,1200,-1
433,33,1,0,1200,-1
434,34,1,0,1200,-1
435,35,1,0,1200,-1
436,36,1,0,1200,-1
437,37,1,0,1200,-1
438,38,1,0,1200,-1
439,39,1,0,1200,-1
440,40,1,0,1200,-1
441,41,1,0,1200,-1
442,42,1,0,1200,-1
443,43,1,0,1200,-1
444,44,1,0,1200,-1
445,45,1,0,1200,-1
446,46,1,0,1200,-1
447,47,1,0,1200,-1
448,48,1,0,1200,-1
449,49,1,0,1200,-1
450,50,1,0,1200,-1
451,51,1,0,1200,-1
452,52,1,0,1200,-1
453,53,1,0,1200,-1
454,54,1,0,1200,-1
455,55,1,0,1200,-1
456,56,1,0,1200,-1
457,57,1,0,1200,-1
458,58,1,0,1200,-1
459,59,1,0,1200,-1
460,60,1,0,1200,-1
461,61,1,0,1200,-1
462,62,1,0,1200,-1
463,63,1,0,1200,-1
464,64,1,0,1200,-1
465,65,1,0,1200,-1
466,66,1,0,1200,-1
467,67,1,0,1200,-1
468,68,1,0,1200,-1
469,69,1,0,1200,-1
470,70,1,0,1200,-1
471,71,1,0,1200,-1
472,72,1,0,1200,-1
473,73,1,0,1200,-1
474,74,1,0,1200,-1
475,75,1,0,1200,-1
476,76,1,0,1200,-1
477,77,1,0,1200,-1
478,78,1,0,1200,-1
479,79,1,0,1200,-1
480,80,1,0,1200,-1
481,81,1,0,1200,-1
482,82,1,0,1200,-1
483,83,1,0,1200,-1
484,84,1,0,1200,-1
485,85,1,0,1200,-1
486,86,1,0,1200,-1
487,87,1,0,1200,-1
488,88,1,0,1200,-1
489,89,1,0,1200,-1
490,90,1,0,1200,-1
491,91,1,0,1200,-1
492,92,1,0,1200,-1
493,93,1,0,1200,-1
494,94,1,0,1200,-1
495,95,1,0,1200,-1
496,96,1,0,1200,-1
497,97,1,0,1200,-1
498,98,1,0,1200,-1
499,99,1,0,1200,-1
500,100,1,0,1200,-1
